{
    "feature": "minecraft:ore_iron",
    "placement": [
      {
        "count": 1,
        "type": "minecraft:count"
      },
      {
        "type": "minecraft:in_square"
      },
      {
        "height": {
          "min_inclusive": {
            "absolute": 80
          },
          "max_inclusive": {
            "absolute": 384
          },
          "type": "minecraft:trapezoid"
        },
        "type": "minecraft:height_range"
      },
      {
        "type": "minecraft:biome"
      }
    ]
  }