{
    "feature": "minecraft:ore_iron_large",
    "placement": [
        {
            "type": "minecraft:rarity_filter",
            "chance": 4
        },
        {
            "type": "minecraft:in_square"
        },
        {
            "height": {
                "min_inclusive": {
                    "absolute": -24
                },
                "max_inclusive": {
                    "absolute": 56
                },
                "type": "minecraft:trapezoid"
            },
            "type": "minecraft:height_range"
        },
        {
            "type": "minecraft:biome"
        }
    ]
}