{
    "type": "minecraft:ore",
    "config": {
      "discard_chance_on_air_exposure": 0.5,
      "size": 64,
      "targets": [
        {
          "target": {
            "predicate_type": "minecraft:random_block_match",
            "block": "minecraft:stone",
            "probability": 0.03
          },
          "state": {
            "Name": "minecraft:raw_gold_block"
          }
        },
        {
          "target": {
            "predicate_type": "minecraft:random_block_match",
            "block": "minecraft:deepslate",
            "probability": 0.05
          },
          "state": {
            "Name": "minecraft:raw_gold_block"
          }
        },
        {
          "state": {
            "Name": "minecraft:gold_ore"
          },
          "target": {
            "predicate_type": "minecraft:tag_match",
            "tag": "minecraft:stone_ore_replaceables"
          }
        },
        {
          "state": {
            "Name": "minecraft:deepslate_gold_ore"
          },
          "target": {
            "predicate_type": "minecraft:tag_match",
            "tag": "minecraft:deepslate_ore_replaceables"
          }
        }
      ]
    }
  }