{
    "criteria": {
      "requirement": {
        "trigger": "minecraft:tick",
        "conditions": {
          "player": [
            {
              "condition": "minecraft:value_check",
              "value": {
                "type": "minecraft:score",
                "target": {
                  "type": "minecraft:fixed",
                  "name": "$Active"
                },
                "score": "CLGD.JUMPSTART"
              },
              "range": 1
            }
          ]
        }
      }
    },
    "rewards": {
        "function": "clgd.jumpstart:give_tools"
    }
  }
  